accuracy,balanced_accuracy,precision,recall,f1,roc_auc,pr_auc,fpr,tp,tn,fp,fn,model
0.9947675130812172,0.9926076239359243,0.9968101356815527,0.9964743661718802,0.9966422226464676,0.9989347508928076,0.9997020753819104,0.011259118300031715,44374,12470,142,157,RandomForest
0.9851425371436572,0.981089820557338,0.9925578458346489,0.9883451977274258,0.9904470424088305,0.9962656299050748,0.998894716490956,0.026165556612749764,44012,12282,330,519,ExtraTrees
0.9850550373624066,0.979300264269588,0.9912053802379721,0.9896027486470099,0.9904034161141702,0.9923911324940159,0.9973867895226883,0.03100222010783381,44068,12221,391,463,LogisticRegression
0.9850725373186567,0.9792830757532627,0.9911834825244029,0.9896476611798523,0.9904149764588226,0.9923191324904264,0.997353133881103,0.03108150967332699,44070,12220,392,461,CalibratedLogisticRegression
