model,balanced_accuracy_full,balanced_accuracy_ablation
RandomForest,0.7148910642442665,0.7020678087521319
LogisticRegression,0.7141369750440137,0.7037010733786311
ExtraTrees,0.7138455890040523,0.7037206408734433
