accuracy,balanced_accuracy,precision,recall,f1,roc_auc,pr_auc,fpr,tp,tn,fp,fn,model
0.7085873003626263,0.7148910642442665,0.7941176470588235,0.6063876330756891,0.6876705532126023,0.7923314677236204,0.8290560829237907,0.17660550458715596,4158,5026,1078,2699,RandomForest
0.7094360003086182,0.7141369750440137,0.7763275522975147,0.6332215254484469,0.6975100401606426,0.7950874263244398,0.828760360571893,0.2049475753604194,4342,4853,1251,2515,LogisticRegression
0.7033407916055859,0.7138455890040523,0.8503955328059563,0.5330319381653784,0.6553115194979829,0.7969851388341234,0.8317825651359412,0.10534076015727392,3655,5461,643,3202,ExtraTrees
