accuracy,balanced_accuracy,precision,recall,f1,roc_auc,pr_auc,fpr,tp,tn,fp,fn,model
0.6949309466862125,0.7037206408734433,0.8106141664883373,0.5524281755869914,0.6570685169124024,0.7780242124692582,0.819185166229311,0.14498689384010485,3788,5219,885,3069,ExtraTrees
0.6977085101458221,0.7037010733786311,0.7774211818010195,0.600554178212046,0.6776369919368109,0.7759543585674855,0.8160542684745018,0.19315203145478374,4118,4925,1179,2739,LogisticRegression
0.6943908649023995,0.7020678087521319,0.7943089430894309,0.5699285401779204,0.6636664685403753,0.7738499569276194,0.8151879319006368,0.1657929226736566,3908,5092,1012,2949,RandomForest
