{
  "accuracy": 0.7885965589074917,
  "balanced_accuracy": 0.8786411789770168,
  "precision": 0.9998833819241982,
  "recall": 0.7578891540705384,
  "f1": 0.8622284794851166,
  "roc_auc": 0.948952317936492,
  "pr_auc": 0.9930247683399942,
  "fpr": 0.0006067961165048543,
  "tp": 8574,
  "tn": 1647,
  "fp": 1,
  "fn": 2739
}