metric,value
roc_auc,0.9999996295546238
pr_auc,0.9999999843665268
