group,count,mean_fusion_risk,median_fusion_risk
label_0,2314,0.002713915298184961,0.0
label_1,54829,0.833171132065148,1.0
