{
    "title": "Cyber model - ExtraTrees",
    "metrics": {
        "model": "ExtraTrees",
        "n_features": 40,
        "accuracy": 0.9989675025812436,
        "balanced_accuracy": 0.9980872075609915,
        "precision": 0.9990125673249551,
        "recall": 0.9996631560036828,
        "f1": 0.9993377557778003,
        "roc_auc": 0.9999685279307701,
        "pr_auc": 0.9999874397209404,
        "tn": 12568,
        "fp": 44,
        "fn": 15,
        "tp": 44516,
        "fpr": 0.0034887408816999684,
        "train_time_sec": 4.6955,
        "predict_time_sec": 0.3665,
        "test_rows": 57143
    },
    "saved_at": "2026-04-09 18:50:01"
}