{
    "title": "Video model - ExtraTrees",
    "metrics": {
        "model": "ExtraTrees",
        "n_features": 7,
        "accuracy": 0.8009255603114684,
        "balanced_accuracy": 0.500551433905178,
        "precision": 0.8202521747629753,
        "recall": 0.9697623358114095,
        "f1": 0.8887633706357891,
        "roc_auc": 0.4986290939079419,
        "pr_auc": 0.8209884948216605,
        "tn": 357,
        "fp": 11034,
        "fn": 1570,
        "tp": 50352,
        "fpr": 0.9686594680010535,
        "train_time_sec": 1.2134,
        "predict_time_sec": 0.3109,
        "test_rows": 63313
    },
    "saved_at": "2026-04-09 19:04:31"
}