{
    "title": "Video model - LogReg",
    "metrics": {
        "model": "LogReg",
        "n_features": 7,
        "accuracy": 0.8200843428679734,
        "balanced_accuracy": 0.5,
        "precision": 0.8200843428679734,
        "recall": 1.0,
        "f1": 0.9011498242721395,
        "roc_auc": 0.4975814731328302,
        "pr_auc": 0.818177580927086,
        "tn": 0,
        "fp": 11391,
        "fn": 0,
        "tp": 51922,
        "fpr": 1.0,
        "train_time_sec": 0.1718,
        "predict_time_sec": 0.0096,
        "test_rows": 63313
    },
    "saved_at": "2026-04-09 19:04:27"
}