{
    "title": "Video model - RandomForest",
    "metrics": {
        "model": "RandomForest",
        "n_features": 7,
        "accuracy": 0.8122186596749482,
        "balanced_accuracy": 0.5008237185772648,
        "precision": 0.8203306287707843,
        "recall": 0.9872501059281229,
        "f1": 0.8960833500860946,
        "roc_auc": 0.49997891260964433,
        "pr_auc": 0.8210533513544442,
        "tn": 164,
        "fp": 11227,
        "fn": 662,
        "tp": 51260,
        "fpr": 0.9856026687735931,
        "train_time_sec": 1.7449,
        "predict_time_sec": 0.172,
        "test_rows": 63313
    },
    "saved_at": "2026-04-09 19:04:29"
}