{
    "title": "Video full model - ExtraTrees",
    "metrics": {
        "model": "ExtraTrees",
        "n_features": 10,
        "accuracy": 0.9989259709696271,
        "balanced_accuracy": 0.9976662124187139,
        "precision": 0.9990568216815522,
        "recall": 0.9996340664843419,
        "f1": 0.9993453607254944,
        "roc_auc": 0.9999945548476074,
        "pr_auc": 0.9999987167571089,
        "tn": 11342,
        "fp": 49,
        "fn": 19,
        "tp": 51903,
        "fpr": 0.004301641646914231,
        "train_time_sec": 0.7913,
        "predict_time_sec": 0.1079,
        "test_rows": 63313
    },
    "saved_at": "2026-04-09 19:09:26"
}